{"accuracy": 0.7277777777777777, "AUC": 0.7151567944250872, "precision": 0.7058823529411765}