{"accuracy": 0.7277777777777777, "AUC": 0.7432126696832579, "precision": 0.8533333333333334}